run_id,mode,archetype,speed,approach,dipole,shaft,noise,seed,rmse,p50,p90,max,dnh_ratio,burst_peak,contamination,pass
1,A,corridor,ELEV_SLOW,APPROACH_NEAR,DIPOLE_NOMINAL,SHAFT_SINGLE,NOISE_NOMINAL,1001,0.6689,0.5545,1.1278,1.1816,0.7527,98.0862,0.2172,true
2,A,corridor,ELEV_SLOW,APPROACH_NEAR,DIPOLE_NOMINAL,SHAFT_SINGLE,NOISE_NOMINAL,2002,0.4924,0.4179,0.8304,0.856,0.7324,95.4906,0.2866,true
3,A,corridor,ELEV_SLOW,APPROACH_NEAR,DIPOLE_NOMINAL,SHAFT_SINGLE,NOISE_NOMINAL,3003,0.5241,0.4521,0.8054,0.8556,0.7312,94.7437,0.3449,true
4,B,corridor,ELEV_SLOW,APPROACH_NEAR,DIPOLE_NOMINAL,SHAFT_SINGLE,NOISE_NOMINAL,4001,1.0725,0.6181,1.8545,1.8891,0.8365,95.1632,0.4903,true
5,B,corridor,ELEV_SLOW,APPROACH_NEAR,DIPOLE_NOMINAL,SHAFT_SINGLE,NOISE_NOMINAL,5002,1.0553,0.6365,1.7263,1.7485,0.8223,93.8886,0.5386,true
6,B,corridor,ELEV_SLOW,APPROACH_NEAR,DIPOLE_NOMINAL,SHAFT_SINGLE,NOISE_NOMINAL,6003,0.9512,0.7523,1.6142,1.653,0.8245,93.7229,0.5212,true
7,C,corridor,ELEV_SLOW,APPROACH_NEAR,DIPOLE_NOMINAL,SHAFT_SINGLE,NOISE_NOMINAL,7001,0.6037,0.5898,0.9467,0.9931,0.746,95.004,0.4517,true
8,C,corridor,ELEV_SLOW,APPROACH_NEAR,DIPOLE_NOMINAL,SHAFT_SINGLE,NOISE_NOMINAL,8002,0.5588,0.479,0.9283,0.9845,0.7417,94.5129,0.4879,true
9,C,corridor,ELEV_SLOW,APPROACH_NEAR,DIPOLE_NOMINAL,SHAFT_SINGLE,NOISE_NOMINAL,9003,0.5269,0.4572,0.8163,0.8501,0.7176,94.1715,0.3953,true
10,A,corridor,ELEV_FAST,APPROACH_NEAR,DIPOLE_NOMINAL,SHAFT_SINGLE,NOISE_NOMINAL,10001,0.5543,0.4973,0.8951,0.9584,0.7555,98.2007,0.6037,true
11,A,corridor,ELEV_FAST,APPROACH_NEAR,DIPOLE_NOMINAL,SHAFT_SINGLE,NOISE_NOMINAL,11002,0.4886,0.4416,0.7439,0.7731,0.6082,94.1452,0.184,true
12,A,corridor,ELEV_FAST,APPROACH_NEAR,DIPOLE_NOMINAL,SHAFT_SINGLE,NOISE_NOMINAL,12003,0.4925,0.4128,0.7974,0.8358,0.7327,93.5719,0.2856,true
13,B,corridor,ELEV_FAST,APPROACH_NEAR,DIPOLE_NOMINAL,SHAFT_SINGLE,NOISE_NOMINAL,13001,0.9134,0.6861,1.561,1.5846,0.8006,94.6838,0.4765,true
14,B,corridor,ELEV_FAST,APPROACH_NEAR,DIPOLE_NOMINAL,SHAFT_SINGLE,NOISE_NOMINAL,14002,1.1155,0.7302,1.8623,1.8978,0.8473,94.5942,0.0271,true
15,B,corridor,ELEV_FAST,APPROACH_NEAR,DIPOLE_NOMINAL,SHAFT_SINGLE,NOISE_NOMINAL,15003,1.1603,0.6395,1.9776,2.0214,1.0079,93.6685,0.1177,true
16,C,corridor,ELEV_FAST,APPROACH_NEAR,DIPOLE_NOMINAL,SHAFT_SINGLE,NOISE_NOMINAL,16001,0.548,0.5233,0.8546,0.9417,0.7376,93.0846,0.3816,true
17,C,corridor,ELEV_FAST,APPROACH_NEAR,DIPOLE_NOMINAL,SHAFT_SINGLE,NOISE_NOMINAL,17002,0.5783,0.5228,0.9515,0.9875,0.7757,94.545,0.4408,true
18,C,corridor,ELEV_FAST,APPROACH_NEAR,DIPOLE_NOMINAL,SHAFT_SINGLE,NOISE_NOMINAL,18003,0.5655,0.4784,0.9591,1.0109,0.7634,94.3648,0.3007,true
19,A,corridor,ELEV_SLOW,APPROACH_MEDIUM,DIPOLE_NOMINAL,SHAFT_SINGLE,NOISE_NOMINAL,19001,0.6873,0.4904,1.1386,1.1701,0.9694,91.1886,0.4251,true
20,A,corridor,ELEV_SLOW,APPROACH_MEDIUM,DIPOLE_NOMINAL,SHAFT_SINGLE,NOISE_NOMINAL,20002,0.7645,0.5854,1.2073,1.2633,0.9792,91.6395,0.2187,true
21,A,corridor,ELEV_SLOW,APPROACH_MEDIUM,DIPOLE_NOMINAL,SHAFT_SINGLE,NOISE_NOMINAL,21003,0.5748,0.5587,0.92,0.9778,0.9776,91.2101,0.5205,true
22,B,corridor,ELEV_SLOW,APPROACH_MEDIUM,DIPOLE_NOMINAL,SHAFT_SINGLE,NOISE_NOMINAL,22001,1.3112,0.8632,2.1361,2.2372,0.988,90.9499,0.5425,true
23,B,corridor,ELEV_SLOW,APPROACH_MEDIUM,DIPOLE_NOMINAL,SHAFT_SINGLE,NOISE_NOMINAL,23002,1.1355,0.7687,1.8204,1.8992,0.9858,91.1421,0.4707,true
24,B,corridor,ELEV_SLOW,APPROACH_MEDIUM,DIPOLE_NOMINAL,SHAFT_SINGLE,NOISE_NOMINAL,24003,1.141,0.7368,1.8519,1.8869,0.9885,90.8787,0.0836,true
25,C,corridor,ELEV_SLOW,APPROACH_MEDIUM,DIPOLE_NOMINAL,SHAFT_SINGLE,NOISE_NOMINAL,25001,0.7743,0.6066,1.2395,1.3068,0.9798,91.6686,0.0822,true
26,C,corridor,ELEV_SLOW,APPROACH_MEDIUM,DIPOLE_NOMINAL,SHAFT_SINGLE,NOISE_NOMINAL,26002,0.8876,0.652,1.4456,1.4673,0.984,91.2668,0.5419,true
27,C,corridor,ELEV_SLOW,APPROACH_MEDIUM,DIPOLE_NOMINAL,SHAFT_SINGLE,NOISE_NOMINAL,27003,0.89,0.635,1.4524,1.5041,0.9811,91.5149,0.2005,true
28,A,corridor,ELEV_FAST,APPROACH_MEDIUM,DIPOLE_NOMINAL,SHAFT_SINGLE,NOISE_NOMINAL,28001,0.7034,0.5262,1.1698,1.1989,1.0013,91.3716,0.2445,true
29,A,corridor,ELEV_FAST,APPROACH_MEDIUM,DIPOLE_NOMINAL,SHAFT_SINGLE,NOISE_NOMINAL,29002,0.7844,0.6302,1.2502,1.2668,0.9995,91.3494,0.1605,true
30,A,corridor,ELEV_FAST,APPROACH_MEDIUM,DIPOLE_NOMINAL,SHAFT_SINGLE,NOISE_NOMINAL,30003,0.7655,0.532,1.2622,1.2916,0.9742,91.8696,0.515,true
31,B,corridor,ELEV_FAST,APPROACH_MEDIUM,DIPOLE_NOMINAL,SHAFT_SINGLE,NOISE_NOMINAL,31001,1.3086,0.7874,2.1378,2.164,0.9983,91.519,0.2477,true
32,B,corridor,ELEV_FAST,APPROACH_MEDIUM,DIPOLE_NOMINAL,SHAFT_SINGLE,NOISE_NOMINAL,32002,1.3617,0.8103,2.2087,2.2648,0.9851,92.1257,0.228,true
33,B,corridor,ELEV_FAST,APPROACH_MEDIUM,DIPOLE_NOMINAL,SHAFT_SINGLE,NOISE_NOMINAL,33003,1.1101,0.7125,1.8995,1.9315,0.9812,92.0227,0.5658,true
34,C,corridor,ELEV_FAST,APPROACH_MEDIUM,DIPOLE_NOMINAL,SHAFT_SINGLE,NOISE_NOMINAL,34001,0.8137,0.6072,1.3009,1.3586,0.9853,90.988,0.0325,true
35,C,corridor,ELEV_FAST,APPROACH_MEDIUM,DIPOLE_NOMINAL,SHAFT_SINGLE,NOISE_NOMINAL,35002,0.8402,0.684,1.2831,1.3218,1.006,92.1727,0.4776,true
36,C,corridor,ELEV_FAST,APPROACH_MEDIUM,DIPOLE_NOMINAL,SHAFT_SINGLE,NOISE_NOMINAL,36003,0.7389,0.5719,1.2114,1.2422,0.9787,91.1237,0.4802,true
37,A,perpendicular,ELEV_SLOW,APPROACH_NEAR,DIPOLE_NOMINAL,SHAFT_SINGLE,NOISE_NOMINAL,37001,0.3672,0.196,0.5639,0.5852,0.9989,320001.469,0.345,true
38,A,perpendicular,ELEV_SLOW,APPROACH_NEAR,DIPOLE_NOMINAL,SHAFT_SINGLE,NOISE_NOMINAL,38002,0.5018,0.3929,0.7594,0.7744,0.9979,320000.822,0.6,true
39,A,perpendicular,ELEV_SLOW,APPROACH_NEAR,DIPOLE_NOMINAL,SHAFT_SINGLE,NOISE_NOMINAL,39003,0.4539,0.2488,0.6844,0.7195,0.9812,319998.1835,0.2297,true
40,B,perpendicular,ELEV_SLOW,APPROACH_NEAR,DIPOLE_NOMINAL,SHAFT_SINGLE,NOISE_NOMINAL,40001,0.7098,0.7528,1.0639,1.0946,0.9934,319998.7167,0.666,true
41,B,perpendicular,ELEV_SLOW,APPROACH_NEAR,DIPOLE_NOMINAL,SHAFT_SINGLE,NOISE_NOMINAL,41002,0.5567,0.418,0.8305,0.8582,1.0001,319999.2113,0.5446,true
42,B,perpendicular,ELEV_SLOW,APPROACH_NEAR,DIPOLE_NOMINAL,SHAFT_SINGLE,NOISE_NOMINAL,42003,0.5792,0.5454,0.8929,0.9141,0.9965,320001.7417,0.5881,true
43,C,perpendicular,ELEV_SLOW,APPROACH_NEAR,DIPOLE_NOMINAL,SHAFT_SINGLE,NOISE_NOMINAL,43001,0.5475,0.4095,0.816,0.9164,0.9564,320000.4955,0.2713,true
44,C,perpendicular,ELEV_SLOW,APPROACH_NEAR,DIPOLE_NOMINAL,SHAFT_SINGLE,NOISE_NOMINAL,44002,0.5366,0.5606,0.7939,0.8171,0.9974,319999.1204,0.6411,true
45,C,perpendicular,ELEV_SLOW,APPROACH_NEAR,DIPOLE_NOMINAL,SHAFT_SINGLE,NOISE_NOMINAL,45003,0.5596,0.5355,0.8413,0.8616,0.9973,319999.8865,0.5584,true
46,A,perpendicular,ELEV_FAST,APPROACH_NEAR,DIPOLE_NOMINAL,SHAFT_SINGLE,NOISE_NOMINAL,46001,0.4476,0.3494,0.7036,0.725,1.0021,319999.1358,0.4485,true
47,A,perpendicular,ELEV_FAST,APPROACH_NEAR,DIPOLE_NOMINAL,SHAFT_SINGLE,NOISE_NOMINAL,47002,0.3633,0.2119,0.5549,0.5793,0.9989,319998.4867,0.2806,true
48,A,perpendicular,ELEV_FAST,APPROACH_NEAR,DIPOLE_NOMINAL,SHAFT_SINGLE,NOISE_NOMINAL,48003,0.4705,0.3765,0.6942,0.7114,0.9999,319999.7166,0.5159,true
49,B,perpendicular,ELEV_FAST,APPROACH_NEAR,DIPOLE_NOMINAL,SHAFT_SINGLE,NOISE_NOMINAL,49001,0.5618,0.5979,0.8098,0.8428,0.9816,319998.6529,0.1552,true
50,B,perpendicular,ELEV_FAST,APPROACH_NEAR,DIPOLE_NOMINAL,SHAFT_SINGLE,NOISE_NOMINAL,50002,0.5893,0.4753,0.9218,0.9501,0.9987,319999.3551,0.534,true
51,B,perpendicular,ELEV_FAST,APPROACH_NEAR,DIPOLE_NOMINAL,SHAFT_SINGLE,NOISE_NOMINAL,51003,0.5385,0.5083,0.8098,0.8243,0.9936,320000.3699,0.44,true
52,C,perpendicular,ELEV_FAST,APPROACH_NEAR,DIPOLE_NOMINAL,SHAFT_SINGLE,NOISE_NOMINAL,52001,0.6986,0.7421,0.9943,1.0255,1.003,319999.5009,0.6741,true
53,C,perpendicular,ELEV_FAST,APPROACH_NEAR,DIPOLE_NOMINAL,SHAFT_SINGLE,NOISE_NOMINAL,53002,0.6387,0.6348,0.9307,0.9631,0.9963,319998.2085,0.63,true
54,C,perpendicular,ELEV_FAST,APPROACH_NEAR,DIPOLE_NOMINAL,SHAFT_SINGLE,NOISE_NOMINAL,54003,0.706,0.733,1.0329,1.0641,1.0681,319999.8202,0.72,true
55,A,perpendicular,ELEV_SLOW,APPROACH_MEDIUM,DIPOLE_NOMINAL,SHAFT_SINGLE,NOISE_NOMINAL,55001,0.4424,0.3724,0.6494,0.6689,0.9959,319999.8707,0.5303,true
56,A,perpendicular,ELEV_SLOW,APPROACH_MEDIUM,DIPOLE_NOMINAL,SHAFT_SINGLE,NOISE_NOMINAL,56002,0.4237,0.4451,0.64,0.6698,0.9942,319999.8111,0.5655,true
57,A,perpendicular,ELEV_SLOW,APPROACH_MEDIUM,DIPOLE_NOMINAL,SHAFT_SINGLE,NOISE_NOMINAL,57003,0.396,0.3118,0.614,0.6347,0.9976,320002.2031,0.4561,true
58,B,perpendicular,ELEV_SLOW,APPROACH_MEDIUM,DIPOLE_NOMINAL,SHAFT_SINGLE,NOISE_NOMINAL,58001,0.62,0.6472,0.907,0.936,0.9967,320002.2371,0.6761,true
59,B,perpendicular,ELEV_SLOW,APPROACH_MEDIUM,DIPOLE_NOMINAL,SHAFT_SINGLE,NOISE_NOMINAL,59002,0.5874,0.5971,0.8633,0.8855,0.9975,320001.2945,0.6462,true
60,B,perpendicular,ELEV_SLOW,APPROACH_MEDIUM,DIPOLE_NOMINAL,SHAFT_SINGLE,NOISE_NOMINAL,60003,0.5728,0.6242,0.8436,0.8635,0.9948,319999.044,0.6234,true
61,C,perpendicular,ELEV_SLOW,APPROACH_MEDIUM,DIPOLE_NOMINAL,SHAFT_SINGLE,NOISE_NOMINAL,61001,0.5158,0.5496,0.8131,0.8428,0.9883,320000.125,0.6157,true
62,C,perpendicular,ELEV_SLOW,APPROACH_MEDIUM,DIPOLE_NOMINAL,SHAFT_SINGLE,NOISE_NOMINAL,62002,0.5555,0.5778,0.8435,0.8788,0.9547,320000.2151,0.5751,true
63,C,perpendicular,ELEV_SLOW,APPROACH_MEDIUM,DIPOLE_NOMINAL,SHAFT_SINGLE,NOISE_NOMINAL,63003,0.5462,0.6105,0.7896,0.8206,0.9942,320000.7821,0.5996,true
64,A,perpendicular,ELEV_FAST,APPROACH_MEDIUM,DIPOLE_NOMINAL,SHAFT_SINGLE,NOISE_NOMINAL,64001,0.3759,0.1982,0.6062,0.6259,1.0004,319999.7034,0.0186,true
65,A,perpendicular,ELEV_FAST,APPROACH_MEDIUM,DIPOLE_NOMINAL,SHAFT_SINGLE,NOISE_NOMINAL,65002,0.39,0.3031,0.5897,0.6247,0.9974,319999.8357,0.1125,true
66,A,perpendicular,ELEV_FAST,APPROACH_MEDIUM,DIPOLE_NOMINAL,SHAFT_SINGLE,NOISE_NOMINAL,66003,0.3938,0.3742,0.6012,0.6179,1.002,320000.0803,0.0926,true
67,B,perpendicular,ELEV_FAST,APPROACH_MEDIUM,DIPOLE_NOMINAL,SHAFT_SINGLE,NOISE_NOMINAL,67001,0.5844,0.6254,0.8596,0.8875,0.9937,320001.7734,0.5351,true
68,B,perpendicular,ELEV_FAST,APPROACH_MEDIUM,DIPOLE_NOMINAL,SHAFT_SINGLE,NOISE_NOMINAL,68002,0.5364,0.5334,0.8063,0.8388,1.0095,320000.0206,0.5926,true
69,B,perpendicular,ELEV_FAST,APPROACH_MEDIUM,DIPOLE_NOMINAL,SHAFT_SINGLE,NOISE_NOMINAL,69003,0.5422,0.4311,0.8462,0.8592,0.9988,319998.5074,0.5321,true
70,C,perpendicular,ELEV_FAST,APPROACH_MEDIUM,DIPOLE_NOMINAL,SHAFT_SINGLE,NOISE_NOMINAL,70001,0.5905,0.6282,0.8802,0.923,0.9997,320000.4671,0.1293,true
71,C,perpendicular,ELEV_FAST,APPROACH_MEDIUM,DIPOLE_NOMINAL,SHAFT_SINGLE,NOISE_NOMINAL,71002,0.6431,0.676,0.9441,0.9799,1.0157,319998.8269,0.4523,true
72,C,perpendicular,ELEV_FAST,APPROACH_MEDIUM,DIPOLE_NOMINAL,SHAFT_SINGLE,NOISE_NOMINAL,72003,0.6029,0.6674,0.8592,0.8807,1.0201,319999.8468,0.6999,true
73,A,loop,ELEV_SLOW,APPROACH_NEAR,DIPOLE_NOMINAL,SHAFT_SINGLE,NOISE_NOMINAL,73001,0.1938,0.1897,0.2446,0.2635,1.0,100.3631,0.2019,true
74,A,loop,ELEV_SLOW,APPROACH_NEAR,DIPOLE_NOMINAL,SHAFT_SINGLE,NOISE_NOMINAL,74002,0.2049,0.2019,0.2496,0.4505,1.0,97.7338,0.2398,true
75,A,loop,ELEV_SLOW,APPROACH_NEAR,DIPOLE_NOMINAL,SHAFT_SINGLE,NOISE_NOMINAL,75003,0.1993,0.2003,0.2361,0.3241,1.0,98.2411,0.2732,true
76,B,loop,ELEV_SLOW,APPROACH_NEAR,DIPOLE_NOMINAL,SHAFT_SINGLE,NOISE_NOMINAL,76001,0.2062,0.2073,0.2554,0.2915,1.0,98.2867,0.293,true
77,B,loop,ELEV_SLOW,APPROACH_NEAR,DIPOLE_NOMINAL,SHAFT_SINGLE,NOISE_NOMINAL,77002,0.2348,0.2305,0.2929,0.3249,1.0,98.3632,0.0779,true
78,B,loop,ELEV_SLOW,APPROACH_NEAR,DIPOLE_NOMINAL,SHAFT_SINGLE,NOISE_NOMINAL,78003,0.2255,0.2322,0.2743,0.2971,1.0,98.6838,0.1795,true
79,C,loop,ELEV_SLOW,APPROACH_NEAR,DIPOLE_NOMINAL,SHAFT_SINGLE,NOISE_NOMINAL,79001,0.2144,0.2132,0.2621,0.2847,1.0,98.4133,0.2954,true
80,C,loop,ELEV_SLOW,APPROACH_NEAR,DIPOLE_NOMINAL,SHAFT_SINGLE,NOISE_NOMINAL,80002,0.2077,0.2085,0.2477,0.2636,1.0,98.3894,0.3073,true
81,C,loop,ELEV_SLOW,APPROACH_NEAR,DIPOLE_NOMINAL,SHAFT_SINGLE,NOISE_NOMINAL,81003,0.2171,0.211,0.2798,0.3912,1.0,97.7151,0.2083,true
82,A,loop,ELEV_FAST,APPROACH_NEAR,DIPOLE_NOMINAL,SHAFT_SINGLE,NOISE_NOMINAL,82001,0.2051,0.208,0.2503,0.3924,1.0,97.4028,0.2617,true
83,A,loop,ELEV_FAST,APPROACH_NEAR,DIPOLE_NOMINAL,SHAFT_SINGLE,NOISE_NOMINAL,83002,0.2223,0.2176,0.2759,0.3673,1.0,98.9001,0.043,true
84,A,loop,ELEV_FAST,APPROACH_NEAR,DIPOLE_NOMINAL,SHAFT_SINGLE,NOISE_NOMINAL,84003,0.2159,0.2229,0.2617,0.3404,1.0,97.4007,0.3177,true
85,B,loop,ELEV_FAST,APPROACH_NEAR,DIPOLE_NOMINAL,SHAFT_SINGLE,NOISE_NOMINAL,85001,0.22,0.2157,0.2666,0.3063,1.0,98.9741,0.1372,true
86,B,loop,ELEV_FAST,APPROACH_NEAR,DIPOLE_NOMINAL,SHAFT_SINGLE,NOISE_NOMINAL,86002,0.2047,0.2037,0.2603,0.2759,1.0,97.471,0.3178,true
87,B,loop,ELEV_FAST,APPROACH_NEAR,DIPOLE_NOMINAL,SHAFT_SINGLE,NOISE_NOMINAL,87003,0.2286,0.2305,0.2749,0.2865,1.0,98.1294,0.2329,true
88,C,loop,ELEV_FAST,APPROACH_NEAR,DIPOLE_NOMINAL,SHAFT_SINGLE,NOISE_NOMINAL,88001,0.1963,0.1951,0.2476,0.2765,1.0,97.9818,0.2577,true
89,C,loop,ELEV_FAST,APPROACH_NEAR,DIPOLE_NOMINAL,SHAFT_SINGLE,NOISE_NOMINAL,89002,0.2262,0.2279,0.2718,0.2863,1.0,98.4543,0.1804,true
90,C,loop,ELEV_FAST,APPROACH_NEAR,DIPOLE_NOMINAL,SHAFT_SINGLE,NOISE_NOMINAL,90003,0.2226,0.2188,0.2811,0.2974,1.0,97.2014,0.1753,true
91,A,loop,ELEV_SLOW,APPROACH_MEDIUM,DIPOLE_NOMINAL,SHAFT_SINGLE,NOISE_NOMINAL,91001,0.1489,0.1106,0.2526,0.2844,1.0,90.3209,0.8431,true
92,A,loop,ELEV_SLOW,APPROACH_MEDIUM,DIPOLE_NOMINAL,SHAFT_SINGLE,NOISE_NOMINAL,92002,0.1458,0.1146,0.2308,0.2793,0.9434,90.6126,0.733,true
93,A,loop,ELEV_SLOW,APPROACH_MEDIUM,DIPOLE_NOMINAL,SHAFT_SINGLE,NOISE_NOMINAL,93003,0.1878,0.1726,0.2743,0.3087,0.8938,91.2513,0.6803,true
94,B,loop,ELEV_SLOW,APPROACH_MEDIUM,DIPOLE_NOMINAL,SHAFT_SINGLE,NOISE_NOMINAL,94001,0.1504,0.1192,0.2584,0.312,1.0,89.5001,0.7839,true
95,B,loop,ELEV_SLOW,APPROACH_MEDIUM,DIPOLE_NOMINAL,SHAFT_SINGLE,NOISE_NOMINAL,95002,0.1504,0.1324,0.2286,0.292,0.897,90.3884,0.7364,true
96,B,loop,ELEV_SLOW,APPROACH_MEDIUM,DIPOLE_NOMINAL,SHAFT_SINGLE,NOISE_NOMINAL,96003,0.1766,0.1759,0.2466,0.2792,0.8482,90.1163,0.644,true
97,C,loop,ELEV_SLOW,APPROACH_MEDIUM,DIPOLE_NOMINAL,SHAFT_SINGLE,NOISE_NOMINAL,97001,0.1546,0.1271,0.2377,0.3793,0.9652,90.3076,0.6281,true
98,C,loop,ELEV_SLOW,APPROACH_MEDIUM,DIPOLE_NOMINAL,SHAFT_SINGLE,NOISE_NOMINAL,98002,0.1689,0.1445,0.2652,0.2961,0.9768,89.5635,0.7928,true
99,C,loop,ELEV_SLOW,APPROACH_MEDIUM,DIPOLE_NOMINAL,SHAFT_SINGLE,NOISE_NOMINAL,99003,0.1844,0.1801,0.2551,0.2885,0.8326,89.591,0.6246,true
100,A,loop,ELEV_FAST,APPROACH_MEDIUM,DIPOLE_NOMINAL,SHAFT_SINGLE,NOISE_NOMINAL,100001,0.2114,0.209,0.2677,0.3524,0.9539,91.7618,0.284,true
101,A,loop,ELEV_FAST,APPROACH_MEDIUM,DIPOLE_NOMINAL,SHAFT_SINGLE,NOISE_NOMINAL,101002,0.2201,0.2182,0.2689,0.3011,0.9625,89.8052,0.1514,true
102,A,loop,ELEV_FAST,APPROACH_MEDIUM,DIPOLE_NOMINAL,SHAFT_SINGLE,NOISE_NOMINAL,102003,0.2113,0.2092,0.269,0.2939,0.9844,89.8914,0.2101,true
103,B,loop,ELEV_FAST,APPROACH_MEDIUM,DIPOLE_NOMINAL,SHAFT_SINGLE,NOISE_NOMINAL,103001,0.2279,0.228,0.2804,0.3098,0.9726,89.5872,0.2224,true
104,B,loop,ELEV_FAST,APPROACH_MEDIUM,DIPOLE_NOMINAL,SHAFT_SINGLE,NOISE_NOMINAL,104002,0.2072,0.2095,0.2642,0.2834,0.955,89.7238,0.4142,true
105,B,loop,ELEV_FAST,APPROACH_MEDIUM,DIPOLE_NOMINAL,SHAFT_SINGLE,NOISE_NOMINAL,105003,0.1513,0.1439,0.2158,0.2462,0.8346,91.0117,0.621,true
106,C,loop,ELEV_FAST,APPROACH_MEDIUM,DIPOLE_NOMINAL,SHAFT_SINGLE,NOISE_NOMINAL,106001,0.1531,0.1416,0.2366,0.3212,0.99,89.889,0.7103,true
107,C,loop,ELEV_FAST,APPROACH_MEDIUM,DIPOLE_NOMINAL,SHAFT_SINGLE,NOISE_NOMINAL,107002,0.1823,0.1746,0.2447,0.266,1.0,89.8558,0.1114,true
108,C,loop,ELEV_FAST,APPROACH_MEDIUM,DIPOLE_NOMINAL,SHAFT_SINGLE,NOISE_NOMINAL,108003,0.1708,0.1647,0.2503,0.2907,0.887,90.1246,0.6527,true
109,A,stop_and_go,ELEV_SLOW,APPROACH_NEAR,DIPOLE_NOMINAL,SHAFT_SINGLE,NOISE_NOMINAL,109001,0.5356,0.212,0.9277,0.9956,0.9379,96.2231,0.4511,true
110,A,stop_and_go,ELEV_SLOW,APPROACH_NEAR,DIPOLE_NOMINAL,SHAFT_SINGLE,NOISE_NOMINAL,110002,0.5748,0.2682,1.0101,1.0688,0.9464,96.0545,0.4959,true
111,A,stop_and_go,ELEV_SLOW,APPROACH_NEAR,DIPOLE_NOMINAL,SHAFT_SINGLE,NOISE_NOMINAL,111003,0.5742,0.2323,1.0323,1.0723,0.9465,97.3958,0.4769,true
112,B,stop_and_go,ELEV_SLOW,APPROACH_NEAR,DIPOLE_NOMINAL,SHAFT_SINGLE,NOISE_NOMINAL,112001,0.8254,0.3892,1.4961,1.5777,0.9807,97.4395,0.4737,true
113,B,stop_and_go,ELEV_SLOW,APPROACH_NEAR,DIPOLE_NOMINAL,SHAFT_SINGLE,NOISE_NOMINAL,113002,0.8792,0.3995,1.4609,1.5047,0.9798,97.387,0.5952,true
114,B,stop_and_go,ELEV_SLOW,APPROACH_NEAR,DIPOLE_NOMINAL,SHAFT_SINGLE,NOISE_NOMINAL,114003,0.808,0.4163,1.4388,1.4918,0.985,97.7199,0.4761,true
115,C,stop_and_go,ELEV_SLOW,APPROACH_NEAR,DIPOLE_NOMINAL,SHAFT_SINGLE,NOISE_NOMINAL,115001,0.6907,0.3335,1.1968,1.2663,0.8724,97.5467,0.6019,true
116,C,stop_and_go,ELEV_SLOW,APPROACH_NEAR,DIPOLE_NOMINAL,SHAFT_SINGLE,NOISE_NOMINAL,116002,0.7069,0.3036,1.2538,1.3099,0.8826,98.4299,0.5156,true
117,C,stop_and_go,ELEV_SLOW,APPROACH_NEAR,DIPOLE_NOMINAL,SHAFT_SINGLE,NOISE_NOMINAL,117003,0.7531,0.3777,1.2334,1.2963,0.8908,97.6455,0.4887,true
118,A,stop_and_go,ELEV_FAST,APPROACH_NEAR,DIPOLE_NOMINAL,SHAFT_SINGLE,NOISE_NOMINAL,118001,0.6281,0.2875,1.097,1.1649,0.9991,95.4637,0.4442,true
119,A,stop_and_go,ELEV_FAST,APPROACH_NEAR,DIPOLE_NOMINAL,SHAFT_SINGLE,NOISE_NOMINAL,119002,0.5912,0.2814,1.0469,1.1273,0.9997,94.7391,0.3951,true
120,A,stop_and_go,ELEV_FAST,APPROACH_NEAR,DIPOLE_NOMINAL,SHAFT_SINGLE,NOISE_NOMINAL,120003,0.6264,0.3203,1.0133,1.0922,0.9969,97.1145,0.4912,true
121,B,stop_and_go,ELEV_FAST,APPROACH_NEAR,DIPOLE_NOMINAL,SHAFT_SINGLE,NOISE_NOMINAL,121001,0.8821,0.4059,1.4742,1.5445,1.0157,98.3797,0.5118,true
122,B,stop_and_go,ELEV_FAST,APPROACH_NEAR,DIPOLE_NOMINAL,SHAFT_SINGLE,NOISE_NOMINAL,122002,0.852,0.433,1.4042,1.4729,1.0272,97.6511,0.5136,true
123,B,stop_and_go,ELEV_FAST,APPROACH_NEAR,DIPOLE_NOMINAL,SHAFT_SINGLE,NOISE_NOMINAL,123003,0.9113,0.4099,1.5308,1.5824,1.0232,96.6008,0.509,true
124,C,stop_and_go,ELEV_FAST,APPROACH_NEAR,DIPOLE_NOMINAL,SHAFT_SINGLE,NOISE_NOMINAL,124001,0.7876,0.4022,1.2994,1.3735,0.9664,97.3707,0.3971,true
125,C,stop_and_go,ELEV_FAST,APPROACH_NEAR,DIPOLE_NOMINAL,SHAFT_SINGLE,NOISE_NOMINAL,125002,0.8397,0.4333,1.3533,1.4112,0.9386,97.3357,0.4733,true
126,C,stop_and_go,ELEV_FAST,APPROACH_NEAR,DIPOLE_NOMINAL,SHAFT_SINGLE,NOISE_NOMINAL,126003,0.7863,0.4077,1.2144,1.2635,0.9332,97.5402,0.4965,true
127,A,stop_and_go,ELEV_SLOW,APPROACH_MEDIUM,DIPOLE_NOMINAL,SHAFT_SINGLE,NOISE_NOMINAL,127001,0.5784,0.2476,0.9982,1.0672,0.9663,90.2304,0.4955,true
128,A,stop_and_go,ELEV_SLOW,APPROACH_MEDIUM,DIPOLE_NOMINAL,SHAFT_SINGLE,NOISE_NOMINAL,128002,0.5464,0.2122,0.9759,1.0622,0.9653,91.3689,0.4293,true
129,A,stop_and_go,ELEV_SLOW,APPROACH_MEDIUM,DIPOLE_NOMINAL,SHAFT_SINGLE,NOISE_NOMINAL,129003,0.4853,0.2242,0.8721,0.9402,0.9656,90.7359,0.397,true
130,B,stop_and_go,ELEV_SLOW,APPROACH_MEDIUM,DIPOLE_NOMINAL,SHAFT_SINGLE,NOISE_NOMINAL,130001,0.8368,0.3895,1.5172,1.576,0.9784,90.6817,0.5641,true
131,B,stop_and_go,ELEV_SLOW,APPROACH_MEDIUM,DIPOLE_NOMINAL,SHAFT_SINGLE,NOISE_NOMINAL,131002,0.7798,0.3715,1.413,1.4898,0.9766,90.4368,0.5772,true
132,B,stop_and_go,ELEV_SLOW,APPROACH_MEDIUM,DIPOLE_NOMINAL,SHAFT_SINGLE,NOISE_NOMINAL,132003,0.8269,0.3481,1.519,1.5792,0.9784,90.3589,0.514,true
133,C,stop_and_go,ELEV_SLOW,APPROACH_MEDIUM,DIPOLE_NOMINAL,SHAFT_SINGLE,NOISE_NOMINAL,133001,0.4975,0.1984,0.8808,0.934,0.9614,90.3703,0.4006,true
134,C,stop_and_go,ELEV_SLOW,APPROACH_MEDIUM,DIPOLE_NOMINAL,SHAFT_SINGLE,NOISE_NOMINAL,134002,0.5674,0.2499,0.9641,1.049,0.9657,90.1832,0.5531,true
135,C,stop_and_go,ELEV_SLOW,APPROACH_MEDIUM,DIPOLE_NOMINAL,SHAFT_SINGLE,NOISE_NOMINAL,135003,0.5678,0.2744,0.9771,1.0174,0.9671,90.4182,0.5288,true
136,A,stop_and_go,ELEV_FAST,APPROACH_MEDIUM,DIPOLE_NOMINAL,SHAFT_SINGLE,NOISE_NOMINAL,136001,0.5401,0.2564,0.9633,1.0082,0.9995,90.3487,0.4157,true
137,A,stop_and_go,ELEV_FAST,APPROACH_MEDIUM,DIPOLE_NOMINAL,SHAFT_SINGLE,NOISE_NOMINAL,137002,0.5198,0.2839,0.9187,0.9636,1.0006,89.8292,0.4492,true
138,A,stop_and_go,ELEV_FAST,APPROACH_MEDIUM,DIPOLE_NOMINAL,SHAFT_SINGLE,NOISE_NOMINAL,138003,0.537,0.2351,0.9286,0.9789,1.0006,90.1701,0.3766,true
139,B,stop_and_go,ELEV_FAST,APPROACH_MEDIUM,DIPOLE_NOMINAL,SHAFT_SINGLE,NOISE_NOMINAL,139001,0.7994,0.3464,1.44,1.4908,0.9973,91.5317,0.4695,true
140,B,stop_and_go,ELEV_FAST,APPROACH_MEDIUM,DIPOLE_NOMINAL,SHAFT_SINGLE,NOISE_NOMINAL,140002,0.8156,0.3772,1.4698,1.5104,1.0116,90.9256,0.4698,true
141,B,stop_and_go,ELEV_FAST,APPROACH_MEDIUM,DIPOLE_NOMINAL,SHAFT_SINGLE,NOISE_NOMINAL,141003,0.7996,0.3674,1.4354,1.4844,1.0,90.0983,0.4721,true
142,C,stop_and_go,ELEV_FAST,APPROACH_MEDIUM,DIPOLE_NOMINAL,SHAFT_SINGLE,NOISE_NOMINAL,142001,0.6003,0.2438,1.0409,1.0965,1.0015,90.2199,0.3675,true
143,C,stop_and_go,ELEV_FAST,APPROACH_MEDIUM,DIPOLE_NOMINAL,SHAFT_SINGLE,NOISE_NOMINAL,143002,0.5862,0.257,1.0238,1.0976,0.9734,90.6528,0.5159,true
144,C,stop_and_go,ELEV_FAST,APPROACH_MEDIUM,DIPOLE_NOMINAL,SHAFT_SINGLE,NOISE_NOMINAL,144003,0.4759,0.2014,0.8813,0.938,1.0024,90.6277,0.2803,true
145,A,multi_floor,ELEV_SLOW,APPROACH_NEAR,DIPOLE_NOMINAL,SHAFT_SINGLE,NOISE_NOMINAL,145001,0.3253,0.3332,0.4524,0.5519,1.0,96.9027,0.497,true
146,A,multi_floor,ELEV_SLOW,APPROACH_NEAR,DIPOLE_NOMINAL,SHAFT_SINGLE,NOISE_NOMINAL,146002,0.2727,0.2787,0.399,0.4674,1.0,95.8016,0.4636,true
147,A,multi_floor,ELEV_SLOW,APPROACH_NEAR,DIPOLE_NOMINAL,SHAFT_SINGLE,NOISE_NOMINAL,147003,0.3717,0.4094,0.5223,0.5658,1.0,97.1406,0.5283,true
148,B,multi_floor,ELEV_SLOW,APPROACH_NEAR,DIPOLE_NOMINAL,SHAFT_SINGLE,NOISE_NOMINAL,148001,0.4091,0.4278,0.6135,0.6724,1.0,95.8936,0.4931,true
149,B,multi_floor,ELEV_SLOW,APPROACH_NEAR,DIPOLE_NOMINAL,SHAFT_SINGLE,NOISE_NOMINAL,149002,0.4084,0.4143,0.5793,0.6201,1.0,99.1025,0.6669,true
150,B,multi_floor,ELEV_SLOW,APPROACH_NEAR,DIPOLE_NOMINAL,SHAFT_SINGLE,NOISE_NOMINAL,150003,0.3675,0.3206,0.5326,0.5744,1.0,96.4091,0.4691,true
151,C,multi_floor,ELEV_SLOW,APPROACH_NEAR,DIPOLE_NOMINAL,SHAFT_SINGLE,NOISE_NOMINAL,151001,0.281,0.2878,0.4076,0.4989,1.0,97.3643,0.4194,true
152,C,multi_floor,ELEV_SLOW,APPROACH_NEAR,DIPOLE_NOMINAL,SHAFT_SINGLE,NOISE_NOMINAL,152002,0.3064,0.3186,0.4411,0.5076,1.0,97.6008,0.5185,true
153,C,multi_floor,ELEV_SLOW,APPROACH_NEAR,DIPOLE_NOMINAL,SHAFT_SINGLE,NOISE_NOMINAL,153003,0.3723,0.3663,0.5639,0.623,1.0,98.0385,0.5376,true
154,A,multi_floor,ELEV_FAST,APPROACH_NEAR,DIPOLE_NOMINAL,SHAFT_SINGLE,NOISE_NOMINAL,154001,0.2717,0.2814,0.4043,0.4568,1.0,98.7705,0.3892,true
155,A,multi_floor,ELEV_FAST,APPROACH_NEAR,DIPOLE_NOMINAL,SHAFT_SINGLE,NOISE_NOMINAL,155002,0.2863,0.2998,0.3973,0.5042,1.0,96.9066,0.1811,true
156,A,multi_floor,ELEV_FAST,APPROACH_NEAR,DIPOLE_NOMINAL,SHAFT_SINGLE,NOISE_NOMINAL,156003,0.282,0.2794,0.4145,0.4841,1.0,96.2591,0.6744,true
157,B,multi_floor,ELEV_FAST,APPROACH_NEAR,DIPOLE_NOMINAL,SHAFT_SINGLE,NOISE_NOMINAL,157001,0.3698,0.2945,0.5511,0.6197,1.0,95.6587,0.5314,true
158,B,multi_floor,ELEV_FAST,APPROACH_NEAR,DIPOLE_NOMINAL,SHAFT_SINGLE,NOISE_NOMINAL,158002,0.4177,0.347,0.626,0.6709,1.0,96.5132,0.4703,true
159,B,multi_floor,ELEV_FAST,APPROACH_NEAR,DIPOLE_NOMINAL,SHAFT_SINGLE,NOISE_NOMINAL,159003,0.3614,0.3401,0.5704,0.6062,1.0,96.9717,0.3828,true
160,C,multi_floor,ELEV_FAST,APPROACH_NEAR,DIPOLE_NOMINAL,SHAFT_SINGLE,NOISE_NOMINAL,160001,0.2671,0.2335,0.3962,0.4515,1.0,98.0602,0.3948,true
161,C,multi_floor,ELEV_FAST,APPROACH_NEAR,DIPOLE_NOMINAL,SHAFT_SINGLE,NOISE_NOMINAL,161002,0.3199,0.3025,0.4565,0.4794,1.0,98.4852,0.4541,true
162,C,multi_floor,ELEV_FAST,APPROACH_NEAR,DIPOLE_NOMINAL,SHAFT_SINGLE,NOISE_NOMINAL,162003,0.3474,0.3283,0.4969,0.5282,1.0,98.3116,0.7188,true
163,A,multi_floor,ELEV_SLOW,APPROACH_MEDIUM,DIPOLE_NOMINAL,SHAFT_SINGLE,NOISE_NOMINAL,163001,0.3185,0.3479,0.449,0.5181,1.0,91.2515,0.4628,true
164,A,multi_floor,ELEV_SLOW,APPROACH_MEDIUM,DIPOLE_NOMINAL,SHAFT_SINGLE,NOISE_NOMINAL,164002,0.3348,0.3279,0.4871,0.5224,1.0,91.9679,0.604,true
165,A,multi_floor,ELEV_SLOW,APPROACH_MEDIUM,DIPOLE_NOMINAL,SHAFT_SINGLE,NOISE_NOMINAL,165003,0.292,0.2731,0.4258,0.4827,1.0,91.0637,0.75,true
166,B,multi_floor,ELEV_SLOW,APPROACH_MEDIUM,DIPOLE_NOMINAL,SHAFT_SINGLE,NOISE_NOMINAL,166001,0.4046,0.3552,0.6124,0.6461,1.0,91.5026,0.5277,true
167,B,multi_floor,ELEV_SLOW,APPROACH_MEDIUM,DIPOLE_NOMINAL,SHAFT_SINGLE,NOISE_NOMINAL,167002,0.4001,0.402,0.5994,0.6473,1.0,91.4086,0.6387,true
168,B,multi_floor,ELEV_SLOW,APPROACH_MEDIUM,DIPOLE_NOMINAL,SHAFT_SINGLE,NOISE_NOMINAL,168003,0.4231,0.4127,0.6502,0.6704,1.0,91.4629,0.5165,true
169,C,multi_floor,ELEV_SLOW,APPROACH_MEDIUM,DIPOLE_NOMINAL,SHAFT_SINGLE,NOISE_NOMINAL,169001,0.3127,0.294,0.4713,0.5059,1.0,90.7794,0.5626,true
170,C,multi_floor,ELEV_SLOW,APPROACH_MEDIUM,DIPOLE_NOMINAL,SHAFT_SINGLE,NOISE_NOMINAL,170002,0.377,0.3664,0.528,0.6038,1.0,90.5145,0.6188,true
171,C,multi_floor,ELEV_SLOW,APPROACH_MEDIUM,DIPOLE_NOMINAL,SHAFT_SINGLE,NOISE_NOMINAL,171003,0.3697,0.3694,0.5468,0.573,1.0,91.1833,0.59,true
172,A,multi_floor,ELEV_FAST,APPROACH_MEDIUM,DIPOLE_NOMINAL,SHAFT_SINGLE,NOISE_NOMINAL,172001,0.3088,0.3336,0.4301,0.5096,1.0,91.2206,0.3693,true
173,A,multi_floor,ELEV_FAST,APPROACH_MEDIUM,DIPOLE_NOMINAL,SHAFT_SINGLE,NOISE_NOMINAL,173002,0.2894,0.2376,0.4347,0.4643,1.0,90.9337,0.1188,true
174,A,multi_floor,ELEV_FAST,APPROACH_MEDIUM,DIPOLE_NOMINAL,SHAFT_SINGLE,NOISE_NOMINAL,174003,0.2479,0.2243,0.3695,0.4509,1.0,90.7364,0.4191,true
175,B,multi_floor,ELEV_FAST,APPROACH_MEDIUM,DIPOLE_NOMINAL,SHAFT_SINGLE,NOISE_NOMINAL,175001,0.3813,0.3717,0.58,0.6164,1.0,91.0882,0.0654,true
176,B,multi_floor,ELEV_FAST,APPROACH_MEDIUM,DIPOLE_NOMINAL,SHAFT_SINGLE,NOISE_NOMINAL,176002,0.3574,0.3733,0.5427,0.5746,1.0,91.5205,0.6235,true
177,B,multi_floor,ELEV_FAST,APPROACH_MEDIUM,DIPOLE_NOMINAL,SHAFT_SINGLE,NOISE_NOMINAL,177003,0.3942,0.388,0.5875,0.6167,1.0,90.9872,0.1661,true
178,C,multi_floor,ELEV_FAST,APPROACH_MEDIUM,DIPOLE_NOMINAL,SHAFT_SINGLE,NOISE_NOMINAL,178001,0.3017,0.2634,0.4329,0.5288,1.0,93.0669,0.092,true
179,C,multi_floor,ELEV_FAST,APPROACH_MEDIUM,DIPOLE_NOMINAL,SHAFT_SINGLE,NOISE_NOMINAL,179002,0.2926,0.2999,0.444,0.4724,1.0,91.9455,0.0925,true
180,C,multi_floor,ELEV_FAST,APPROACH_MEDIUM,DIPOLE_NOMINAL,SHAFT_SINGLE,NOISE_NOMINAL,180003,0.2805,0.2726,0.4325,0.4706,1.0,91.4092,0.0692,true
181,A,dual_shaft,ELEV_SLOW,APPROACH_NEAR,DIPOLE_NOMINAL,SHAFT_DUAL,NOISE_NOMINAL,181001,0.5096,0.2446,0.8137,0.8266,1.0003,4.00000006423e7,0.7946,true
182,A,dual_shaft,ELEV_SLOW,APPROACH_NEAR,DIPOLE_NOMINAL,SHAFT_DUAL,NOISE_NOMINAL,182002,0.5084,0.2122,0.8236,0.8385,1.0003,4.00000012173e7,0.822,true
183,A,dual_shaft,ELEV_SLOW,APPROACH_NEAR,DIPOLE_NOMINAL,SHAFT_DUAL,NOISE_NOMINAL,183003,0.5097,0.2071,0.821,0.8339,0.9997,4.00000010325e7,0.8421,true
184,B,dual_shaft,ELEV_SLOW,APPROACH_NEAR,DIPOLE_NOMINAL,SHAFT_DUAL,NOISE_NOMINAL,184001,0.6172,0.2395,1.0191,1.0273,1.0559,4.00000000062e7,0.8083,true
185,B,dual_shaft,ELEV_SLOW,APPROACH_NEAR,DIPOLE_NOMINAL,SHAFT_DUAL,NOISE_NOMINAL,185002,0.6676,0.2317,1.1068,1.1269,1.0607,4.0000000192e7,0.7981,true
186,B,dual_shaft,ELEV_SLOW,APPROACH_NEAR,DIPOLE_NOMINAL,SHAFT_DUAL,NOISE_NOMINAL,186003,0.6221,0.2392,1.0156,1.0242,1.0186,4.00000001469e7,0.806,true
187,C,dual_shaft,ELEV_SLOW,APPROACH_NEAR,DIPOLE_NOMINAL,SHAFT_DUAL,NOISE_NOMINAL,187001,0.5738,0.2439,0.9415,0.9604,0.9999,3.99999998222e7,0.8129,true
188,C,dual_shaft,ELEV_SLOW,APPROACH_NEAR,DIPOLE_NOMINAL,SHAFT_DUAL,NOISE_NOMINAL,188002,0.5878,0.1926,0.9732,0.9995,0.9988,4.00000005468e7,0.7941,true
189,C,dual_shaft,ELEV_SLOW,APPROACH_NEAR,DIPOLE_NOMINAL,SHAFT_DUAL,NOISE_NOMINAL,189003,0.5646,0.1907,0.9349,0.9497,0.9986,4.0000000706e7,0.7898,true
190,A,dual_shaft,ELEV_FAST,APPROACH_NEAR,DIPOLE_NOMINAL,SHAFT_DUAL,NOISE_NOMINAL,190001,0.484,0.215,0.7811,0.8045,1.0001,4.00000007633e7,0.7388,true
191,A,dual_shaft,ELEV_FAST,APPROACH_NEAR,DIPOLE_NOMINAL,SHAFT_DUAL,NOISE_NOMINAL,191002,0.5089,0.2122,0.8239,0.8325,1.0001,3.99999998896e7,0.7452,true
192,A,dual_shaft,ELEV_FAST,APPROACH_NEAR,DIPOLE_NOMINAL,SHAFT_DUAL,NOISE_NOMINAL,192003,0.4938,0.2094,0.8066,0.8138,1.0,4.00000004589e7,0.7605,true
193,B,dual_shaft,ELEV_FAST,APPROACH_NEAR,DIPOLE_NOMINAL,SHAFT_DUAL,NOISE_NOMINAL,193001,0.6284,0.2147,1.0419,1.052,1.0639,4.00000008603e7,0.7034,true
194,B,dual_shaft,ELEV_FAST,APPROACH_NEAR,DIPOLE_NOMINAL,SHAFT_DUAL,NOISE_NOMINAL,194002,0.6202,0.1924,1.0263,1.0438,1.0667,3.99999995253e7,0.7308,true
195,B,dual_shaft,ELEV_FAST,APPROACH_NEAR,DIPOLE_NOMINAL,SHAFT_DUAL,NOISE_NOMINAL,195003,0.6157,0.2246,1.017,1.0268,1.0236,4.00000005672e7,0.7155,true
196,C,dual_shaft,ELEV_FAST,APPROACH_NEAR,DIPOLE_NOMINAL,SHAFT_DUAL,NOISE_NOMINAL,196001,0.6026,0.2222,0.9899,1.0008,1.0,4.00000008265e7,0.7215,true
197,C,dual_shaft,ELEV_FAST,APPROACH_NEAR,DIPOLE_NOMINAL,SHAFT_DUAL,NOISE_NOMINAL,197002,0.5955,0.1839,0.9843,0.9961,1.0,4.00000001507e7,0.7232,true
198,C,dual_shaft,ELEV_FAST,APPROACH_NEAR,DIPOLE_NOMINAL,SHAFT_DUAL,NOISE_NOMINAL,198003,0.587,0.2307,0.9577,0.9687,1.0,3.99999996572e7,0.7157,true
199,A,dual_shaft,ELEV_SLOW,APPROACH_MEDIUM,DIPOLE_NOMINAL,SHAFT_DUAL,NOISE_NOMINAL,199001,0.4691,0.2691,0.7305,0.7543,0.9992,4.00000015688e7,0.7324,true
200,A,dual_shaft,ELEV_SLOW,APPROACH_MEDIUM,DIPOLE_NOMINAL,SHAFT_DUAL,NOISE_NOMINAL,200002,0.4602,0.2751,0.7227,0.7328,1.0002,3.99999993484e7,0.7384,true
201,A,dual_shaft,ELEV_SLOW,APPROACH_MEDIUM,DIPOLE_NOMINAL,SHAFT_DUAL,NOISE_NOMINAL,201003,0.4785,0.3012,0.748,0.758,1.0007,4.00000012011e7,0.7667,true
202,B,dual_shaft,ELEV_SLOW,APPROACH_MEDIUM,DIPOLE_NOMINAL,SHAFT_DUAL,NOISE_NOMINAL,202001,0.5703,0.2529,0.9198,0.9455,1.0022,4.00000006277e7,0.7361,true
203,B,dual_shaft,ELEV_SLOW,APPROACH_MEDIUM,DIPOLE_NOMINAL,SHAFT_DUAL,NOISE_NOMINAL,203002,0.5871,0.2705,0.9527,0.9647,0.9992,4.00000005995e7,0.7004,true
204,B,dual_shaft,ELEV_SLOW,APPROACH_MEDIUM,DIPOLE_NOMINAL,SHAFT_DUAL,NOISE_NOMINAL,204003,0.5832,0.2713,0.945,0.9654,0.9944,3.99999998336e7,0.6884,true
205,C,dual_shaft,ELEV_SLOW,APPROACH_MEDIUM,DIPOLE_NOMINAL,SHAFT_DUAL,NOISE_NOMINAL,205001,0.5337,0.2997,0.8503,0.8679,1.0008,4.00000001425e7,0.7499,true
206,C,dual_shaft,ELEV_SLOW,APPROACH_MEDIUM,DIPOLE_NOMINAL,SHAFT_DUAL,NOISE_NOMINAL,206002,0.5986,0.2958,0.9531,0.9729,0.9998,3.99999995082e7,0.7563,true
207,C,dual_shaft,ELEV_SLOW,APPROACH_MEDIUM,DIPOLE_NOMINAL,SHAFT_DUAL,NOISE_NOMINAL,207003,0.598,0.3155,0.9619,0.9699,1.0007,3.99999995122e7,0.756,true
208,A,dual_shaft,ELEV_FAST,APPROACH_MEDIUM,DIPOLE_NOMINAL,SHAFT_DUAL,NOISE_NOMINAL,208001,0.4677,0.2849,0.7224,0.7477,0.9999,3.99999993844e7,0.6854,true
209,A,dual_shaft,ELEV_FAST,APPROACH_MEDIUM,DIPOLE_NOMINAL,SHAFT_DUAL,NOISE_NOMINAL,209002,0.4423,0.2384,0.6967,0.7062,1.0001,3.99999999965e7,0.6285,true
210,A,dual_shaft,ELEV_FAST,APPROACH_MEDIUM,DIPOLE_NOMINAL,SHAFT_DUAL,NOISE_NOMINAL,210003,0.4454,0.2716,0.706,0.7127,1.0001,3.99999989284e7,0.6554,true
211,B,dual_shaft,ELEV_FAST,APPROACH_MEDIUM,DIPOLE_NOMINAL,SHAFT_DUAL,NOISE_NOMINAL,211001,0.608,0.308,0.9794,0.9898,0.9994,4.00000012429e7,0.6462,true
212,B,dual_shaft,ELEV_FAST,APPROACH_MEDIUM,DIPOLE_NOMINAL,SHAFT_DUAL,NOISE_NOMINAL,212002,0.5926,0.2582,0.9596,0.9786,0.998,4.00000007584e7,0.6164,true
213,B,dual_shaft,ELEV_FAST,APPROACH_MEDIUM,DIPOLE_NOMINAL,SHAFT_DUAL,NOISE_NOMINAL,213003,0.5287,0.2287,0.8758,0.8878,0.9965,4.00000007263e7,0.6278,true
214,C,dual_shaft,ELEV_FAST,APPROACH_MEDIUM,DIPOLE_NOMINAL,SHAFT_DUAL,NOISE_NOMINAL,214001,0.5407,0.249,0.8794,0.8878,1.0,3.99999995298e7,0.6484,true
215,C,dual_shaft,ELEV_FAST,APPROACH_MEDIUM,DIPOLE_NOMINAL,SHAFT_DUAL,NOISE_NOMINAL,215002,0.5353,0.2639,0.8724,0.8862,0.9999,4.0000000603e7,0.6555,true
216,C,dual_shaft,ELEV_FAST,APPROACH_MEDIUM,DIPOLE_NOMINAL,SHAFT_DUAL,NOISE_NOMINAL,216003,0.5695,0.2711,0.9209,0.9318,1.0,3.99999998903e7,0.6741,true
